research_date,app_name,developer,app_store_url,category,subtitle,rating_score,rating_count,listed_price,listed_in_app_purchases,subscription_presence,transparent_export_support,document_upload_requirement,account_requirement,privacy_label_summary,last_update,screenshot_messages,first_three_screenshot_strategy,prominent_review_complaints,prominent_review_praise,direct_relevance_to_only_signature,differentiation_opportunity,evidence_notes
"2026-08-25","Digitize Signature","Virtusmart llc","https://apps.apple.com/us/app/digitize-signature/id1477487648","Business","Signature Capture","4.14286","7","$0.99","None surfaced","No subscription surfaced","Yes; listing states transparent PNG","No document is needed","Not stated","Data Not Collected","2021-06-12","App title; drawing canvas; Reset","Shows the capture tool immediately; only two screenshots surfaced","A four-review feed sample included a request for faster save/reset","Simple no-frills capture; useful output formats","Very high: reusable signature-image creator","Add initials, clearer white-versus-transparent proof, repeatable per-set purchase, and modern accessibility","Live US listing and iTunes lookup; Apple customer-reviews RSS pages 1-3 accessed 2026-08-25. Ratings are a demand proxy only."
"2026-08-25","Signature generator & maker","Merbin Joe","https://apps.apple.com/us/app/signature-generator-maker/id6446936588","Business","Make or draw your signature","4.36","25","Free","None surfaced","No subscription surfaced","Yes; listing states transparent PNG export","No document is needed for signature creation","Not stated","Data Not Linked to You","2026-08-21","Signature; other screenshot text was not reliably readable","Leads with the created signature and creation practice","Seven-review feed sample: practice flow requires back-and-forth; one report said export links failed","Good result; one reviewer praised the lack of subscription nagging","Very high: draw/make/export signature asset","Make export destinations reliable, use one obvious flow, include initials, and explain the one-set purchase before payment","Live US listing and iTunes lookup; Apple customer-reviews RSS pages 1-3 accessed 2026-08-25. Review claims are paraphrased, not prevalence estimates."
"2026-08-25","Signature Maker - Sign AI","Amina Sehar","https://apps.apple.com/us/app/signature-maker-sign-ai/id6763584180","Productivity","Scan, Draw -Text To Signature","","0","Free","Yearly $29.99; Monthly $7.99","Yes","Yes; listing markets transparent-background export","Document signing is promoted; a document is not needed to create an asset","Not stated","Data Not Collected","2026-05-12","PDF Sign And Stamp; Scan Signature; Sign Any Document","Document signing first, then scan and document placement","No public review sample surfaced","No public review sample surfaced","High: drawing/scanning/background removal overlaps; AI and document signing are outside scope","Lead with no document upload, actual handwriting, no subscription, and transparent export rather than AI","Live US listing and iTunes lookup accessed 2026-08-25; zero ratings means no rating score displayed, not zero satisfaction."
"2026-08-25","Signature Creator & Scanner","冲 洪","https://apps.apple.com/us/app/signature-creator-scanner/id6775124451","Utilities","Sign PDF & Scan Documents","","0","Free","Weekly $2.99; Annual $59.99","Yes","Yes; listing promotes transparent PNG/background removal","Document signing/import is a core promoted flow","Not stated","Data Not Collected","2026-06-17","Create Signatures in Seconds; Scan Handwritten Signatures; Draw Your Own Signature","Explains three acquisition methods before document use","No public review sample surfaced","No public review sample surfaced","High: draw, scan, transparent export","Differentiate with no scan/upload, no subscription, one-set fairness, and initials included","Live US listing and iTunes lookup accessed 2026-08-25."
"2026-08-25","Signature Maker: Scan&Sign PDF","Aleksandr Maistruk","https://apps.apple.com/us/app/signature-maker-scan-sign-pdf/id6754448228","Productivity","Doc scanner, photo converter","","0","Free","Annual $29.99; Weekly $7.99","Yes","Yes; listing describes background removal/transparent results","PDF/document scanning is a core flow","Not stated","Data Not Collected","2025-11-05","Scan PDF & convert; Create signature; Sign documents","Starts with scanner, then signature, then document signing","No public review sample surfaced","No public review sample surfaced","High feature overlap but product positioning is document/scanner-first","Own the narrow signature-asset category and avoid scanner/PDF complexity","Live US listing and iTunes lookup accessed 2026-08-25."
"2026-08-25","SigLume: Signature Scanner","Alessandro Penna","https://apps.apple.com/us/app/siglume-signature-scanner/id6784931753","Productivity","Sign PDF Documents","","0","Free","Weekly $2.99; Annual $9.99","Yes","Yes; listing and screenshots say background removal/transparent export","PDF import is a promoted flow; scanner is used to acquire a signature","Listing says no account","Data Not Linked to You","2026-07-13","Sign PDFs in just a few taps; From paper to a digitized signature; Remove the background in seconds","Problem/solution sequence: document, capture, removal","No public review sample surfaced","No public review sample surfaced","Very high: background removal and signature asset overlap","Avoid camera and document permissions entirely; emphasize draw-on-device, initials, and no recurring fee","Live US listing and iTunes lookup accessed 2026-08-25."
"2026-08-25","Signature Generator - SignIt","Silpho LLC","https://apps.apple.com/us/app/signature-generator-signit/id6768051475","Productivity","Autograph & Digital Signature","","0","Free","Annual $49.99; Business $39.99; Monthly $19.99; Weekly $7.99","Yes","Yes; listing states transparent PNG/SVG","No document is needed to create/export an asset; import is optional","Not stated","Data Not Collected","2026-07-01","AI Signature Generator; second message unreadable; Draw, Scan, or Import","AI promise first, acquisition methods third","No public review sample surfaced","No public review sample surfaced","Very high export overlap; AI/template behavior is outside Only Signature scope","Emphasize the user’s real strokes, no AI substitution, no subscription, and exact per-set scope","Live US listing and iTunes lookup accessed 2026-08-25."
"2026-08-25","Signature AI","DUMITRU BUMBU","https://apps.apple.com/us/app/signature-ai/id6780077495","Productivity","Create signatures in seconds","","0","Free","1 signature $3.99; 3 signatures $7.99; 5 signatures $9.99; polish $9.99","No subscription surfaced; consumable packs surfaced","Yes; listing states transparent PNG/SVG","No document required for signature generation","Listing states no login","Data Linked to You and Data Not Linked to You","2026-06-23","Create Signature Hand Sign; 10 Free Templates; Your Name templates","Template quantity and AI-generated style first","No public review sample surfaced","No public review sample surfaced","High search-intent overlap but AI-generated signatures violate Only Signature scope","Use authentic handwriting, clear local processing, and a simpler one-set purchase instead of AI credits","Live US listing and iTunes lookup accessed 2026-08-25; privacy-label summary is Apple’s displayed category, not an independent audit."
"2026-08-25","Signature Maker: Sign & Scan","Gwyn Play Private Limited","https://apps.apple.com/us/app/signature-maker-sign-scan/id6759557084","Utilities","Scan, Draw & Sign Documents","","0","Free","Premium items $19.99; $4.99; $1.99","IAP cadence not established from public listing","Not established in public listing; PNG/JPG export is stated","Document signing/scanning is promoted; asset creation also exists","Not stated","Data Linked to You","2026-03-27","Create signatures fast / Offline workflow / Quick export; Draw naturally; 120+ signature styles","Speed/offline first, natural draw second, template volume third","No public review sample surfaced","No public review sample surfaced","High: draw/export and offline claims overlap","Prove transparent export explicitly, avoid template clutter, and state no upload/no account truthfully","Live US listing and iTunes lookup accessed 2026-08-25."
"2026-08-25","Signature-App","TITANO DIGITAL TEKNOLOJI LIMITED SIRKETI","https://apps.apple.com/us/app/signature-app/id1470646598","Business","Sign Docs Now: Fill and Sign","4.55869","2590","Free","Yearly $19.99; Premium $4.99","Yes","Not established in public listing","PDF/document import is the principal flow","Not stated","Data Not Collected","2024-02-01","Top Productivity App; later text not reliably readable","Social proof/category claim first; document-signing visuals follow","Twenty-four-review feed sample: crash, PDF failure, and cancellation/not-needed complaints","Easy to use; a reviewer requested support for multiple PDFs","Medium: competes for broad signature searches, but it is document signing rather than asset export","Use transparent-asset problem first and avoid implying PDF signing","Live US listing and iTunes lookup; Apple customer-reviews RSS pages 1-3 accessed 2026-08-25."
"2026-08-25","e Signature Scanner, Sign PDF","Profuse SRL","https://apps.apple.com/us/app/e-signature-scanner-sign-pdf/id1502608223","Business","Electronic Document Signer App","4.58246","1995","Free","Save 1 signature $4.99; premium offers $9.99-$99.99","Yes; recurring premium offers surfaced","Background removal is promoted; transparent asset export was not conclusively established","Scanning and document signing are core flows","Not stated","Data Not Linked to You","2026-08-19","Scan Signature; second message unreadable; Sign Document AGREEMENT","Signature capture first, then document placement","150-review feed sample: paid but could not place signature; inaccurate scan/unsaved changes; exported document missing signature","Positive reviews in the sampled feed were sparse and mostly generic","High: signature scanning and one-signature IAP compete directly for intent","Win on reliable output verification, no real-document upload, and clear re-export rights","Live US listing and iTunes lookup; purposive Apple review-feed sample accessed 2026-08-25."
"2026-08-25","Signature Maker & Esign Now","Loyal Foundry, Inc.","https://apps.apple.com/us/app/signature-maker-esign-now/id1306571435","Productivity","Sign,edit and scan documents","4.6517","9980","Free","Weekly $1.99-$8.99; Yearly $49.99; other premium offers","Yes","Not established in public listing","Document editing/scanning is the principal flow","Not stated","Data Not Linked to You","2026-08-20","Screenshot text was not reliably readable; visuals show signature/document workflows","Broad feature demonstration rather than a single transparent-export problem","100-review feed sample: full-page ads; ads after a lifetime offer; update removed a signature-practice view","Helpful; good price","High demand proxy and broad search competitor; product is document-suite oriented","Differentiate with no ads, no subscription, stable narrow scope, and white-box proof in screenshot 2","Live US listing and iTunes lookup; purposive Apple customer-reviews RSS sample accessed 2026-08-25. Rating count is only a demand proxy."
"2026-08-25","eSign AI - AI Signature Maker","HEYOS YAZILIM HIZMETLERI TICARET LIMITED SIRKETI","https://apps.apple.com/us/app/esign-ai-ai-signature-maker/id6738304819","Productivity","Text to Signature Maker","4.04845","743","Free","Weekly $6.99; Yearly $39.99; discounted yearly $19.99","Yes","Not established in public listing","Document signing is promoted after AI generation","Not stated","Data Linked to You","2026-05-05","AI Signature; Text to Signatures; Sign the Documents","AI generation first, text conversion second, document use third","Eighty-nine-review feed sample: everything paywalled; must pay before trying; free options reportedly failed; crash report","Some reviewers liked generated styles; positive evidence was less specific","High search-intent overlap; typed/AI output is out of Only Signature scope","Lead with real handwriting, free usable white export, and no pay-before-you-can-try ambiguity","Live US listing and iTunes lookup; purposive Apple review-feed sample accessed 2026-08-25."
"2026-08-25","Signature Maker - SignHub","Waleed Afzal","https://apps.apple.com/us/app/signature-maker-signhub/id6471261807","Business","eSign PDFs, Documents & Forms","4.56579","76","Free","Weekly $1.99; Monthly $5.99; Yearly $13.99-$19.99; Lifetime $34.99","Yes plus a lifetime offer","Not established in public listing","Document management and PDF signing are core flows","Not stated","Data Linked to You and Data Not Linked to You","2026-08-04","Quick Signatures; Customize Your Signature; Document Management","Speed, customization, then suite breadth","No Apple RSS review sample surfaced during this pass","No Apple RSS review sample surfaced during this pass","Medium-high: signature creation plus document suite","Stay intentionally narrow, show transparency, and avoid ambiguous lifetime language","Live US listing and iTunes lookup accessed 2026-08-25."
"2026-08-25","eSign: Digital Signature Maker","Torgomyan Levon","https://apps.apple.com/us/app/esign-digital-signature-maker/id6714449679","Business","Scan & Sign PDF Documents","4.78911","147","Free","Premium offers $4.99-$49.99","IAP cadence not fully established; recurring offers surfaced","Background removal is promoted; transparent asset export was not conclusively established","Scanning/PDF signing is a core flow","Not stated","Data Not Linked to You","2026-01-22","First two messages unreadable; third shows INVOICE","Document example communicates use more than asset creation","Six-review feed sample: poor background removal even on white paper; everything locked","Convenient, user-friendly, quick","High: removal quality and signature creation overlap","Avoid scanning failure by drawing directly; verify alpha at pixel level; provide a working free path","Live US listing and iTunes lookup; Apple customer-reviews RSS accessed 2026-08-25."
"2026-08-25","AI Signature Generator Signify","Zipo Apps Ltd.","https://apps.apple.com/us/app/ai-signature-generator-signify/id6740637904","Graphics & Design","AI Signature Maker & Creator","4.05263","95","Free","Weekly $4.99-$6.99; Monthly $9.99; Annual $34.99-$69.99; unlimited offers $8.99-$49.99","Yes plus unlimited offers","Not established in public listing","No document is required for AI signature generation","Not stated","Data Not Linked to You","2026-08-20","Create stunning signatures from text; #1 AI Signature Generator; Text to Signatures Created","AI text conversion and category-leadership claim dominate first three","No targeted review sample was included in this pass","No targeted review sample was included in this pass","High keyword overlap but different product mechanism","State no AI/template substitution and let the user’s handwriting be the visual proof","Live US listing and iTunes lookup accessed 2026-08-25; competitor superlative is its claim, not independently verified."
"2026-08-25","eSign: Signature Maker, Editor","Marvin Wimmer","https://apps.apple.com/us/app/esign-signature-maker-editor/id6745844134","Utilities","Fill and Sign PDF Documents","4.68217","129","Free","Weekly $6.99-$7.99; Monthly $17.99; Annual $49.99","Yes","Not established in public listing","PDF fill/sign is the principal flow","Not stated","Data Not Collected","2026-05-11","First two messages unreadable; Build custom e-signatures","Feature breadth and custom e-signatures","No targeted review sample was included in this pass","No targeted review sample was included in this pass","Medium-high broad search competitor","Use signature-asset outcome, initials inclusion, and transparent-vs-white proof instead of PDF editor claims","Live US listing and iTunes lookup accessed 2026-08-25."
"2026-08-25","Signature Creator - Sign PDF","Isinsu Arici Tan","https://apps.apple.com/us/app/signature-creator-sign-pdf/id6751643545","Business","Create signature, sign PDF.","5","1","Free","Weekly $1.99; Monthly $4.99; Lifetime $12.99; Yearly $29.99","Yes plus a lifetime offer","Not established in public listing","PDF import/signing is a core flow; draw/scan/import signature also exists","Not stated","Data Not Linked to You","2026-08-20","Sign smart. Move faster.; Create Signatures / Draw scan import; Easily Sign Documents","Speed proposition, acquisition methods, then document signing","One rating is insufficient for defensible review mining","One rating is insufficient for defensible review mining","High feature overlap but document signing is the advertised job","Avoid ambiguous lifetime scope and scanning; make one-set scope explicit before purchase","Live US listing and iTunes lookup accessed 2026-08-25; one rating is not treated as reliable sentiment."
"2026-08-25","eSign App: Sign PDF Documents","Municorn Limited","https://apps.apple.com/us/app/esign-app-sign-pdf-documents/id6446249178","Business","e-Signature: Signature Maker","4.79164","1483","Free","Premium $4.99-$69.99; weekly document bundle $14.99; monthly $39.99","Yes","Not established in public listing","PDF/document signing is the principal flow","Not stated","Data Not Linked to You","2026-08-04","Create a signature; with your iPhone; EASY TO USE","Simple three-frame capability/ease story","150-review feed sample: charged weekly; cannot use without subscription; marketed free but signature download required payment","Convenient and quick","High search competitor with strong ratings-demand proxy; different product scope","Use a genuinely usable free export and put no subscription/one-set scope in the first three screenshots","Live US listing and iTunes lookup; purposive Apple customer-reviews RSS sample accessed 2026-08-25."
"2026-08-25","eSign — Fill & Sign Documents","Alvin Young","https://apps.apple.com/us/app/esign-fill-sign-documents/id6746846547","Utilities","Electronic Signature Maker","4.14035","57","Free","Weekly $4.99; Monthly $12.99; Yearly $39.99; Lifetime $59.99","Yes plus a lifetime offer","Not established in public listing","Document fill/sign is the principal flow","Not stated","Data Not Collected","2026-07-07","CREATE signatures; SIGN any documents; third message unreadable","Create then document-use sequence","Three-review feed sample: does not work; confusing; cannot edit signatures/resize dates","No substantive praise surfaced in the three-review sample","Medium-high broad search competitor","Lead with a single asset-export job, large controls, immutable purchased-set fairness, and tested export output","Live US listing and iTunes lookup; all three available Apple customer-reviews RSS entries sampled 2026-08-25."
